{
  "hash": "5486648d",
  "configHash": "873af76b",
  "lockfileHash": "7dda5cca",
  "browserHash": "6bf3deec",
  "optimized": {
    "@angular/core": {
      "src": "../../../../../node_modules/@angular/core/fesm2022/core.mjs",
      "file": "@angular_core.js",
      "fileHash": "b96c1a45",
      "needsInterop": false
    },
    "@angular/platform-browser": {
      "src": "../../../../../node_modules/@angular/platform-browser/fesm2022/platform-browser.mjs",
      "file": "@angular_platform-browser.js",
      "fileHash": "08be4ed9",
      "needsInterop": false
    },
    "@angular/router": {
      "src": "../../../../../node_modules/@angular/router/fesm2022/router.mjs",
      "file": "@angular_router.js",
      "fileHash": "090b65c5",
      "needsInterop": false
    },
    "@angular/common": {
      "src": "../../../../../node_modules/@angular/common/fesm2022/common.mjs",
      "file": "@angular_common.js",
      "fileHash": "cfb16dab",
      "needsInterop": false
    },
    "@angular/forms": {
      "src": "../../../../../node_modules/@angular/forms/fesm2022/forms.mjs",
      "file": "@angular_forms.js",
      "fileHash": "bd52fb6f",
      "needsInterop": false
    }
  },
  "chunks": {
    "chunk-LV6CG2NV": {
      "file": "chunk-LV6CG2NV.js"
    },
    "chunk-JNMCCJRC": {
      "file": "chunk-JNMCCJRC.js"
    },
    "chunk-ADFJBWRY": {
      "file": "chunk-ADFJBWRY.js"
    }
  }
}